id,firstName,lastName,age,instructorName
1,Talya,Barney,80,Bill
2,Micheline,Kunin,75,Esmeralda
3,Grier,Truc,69,Devina
4,Hettie,Carbo,55,Therine
5,Dennie,Fax,45,Lorenza
6,Vevay,Talia,68,Agnese
7,Monika,Kunin,66,Gretal
8,Tiffie,Bord,25,Jemie
9,Mara,Ricki,56,Katharina
10,Mariann,Lunsford,54,Elvira
11,Gabi,Izaak,57,Janenna
12,Eugine,Catie,74,Brena
13,Consuela,Bonucci,43,Maye
14,Nollie,Philoo,2,Sherrie
15,Gusella,Bethany,21,Sidoney
16,Yetty,Sundin,6,Cecile
17,Ezmeralda,Screens,56,Vonny
18,Keelia,Othilia,6,Dacia
19,Damaris,Quent,60,Jordan
20,Barbi,Bennie,28,Kylynn
21,Gianina,Brodench,74,Inga
22,Cyb,Denis,24,Gavrielle
23,Daryl,Rossner,38,Annora
24,Feliza,Toni,66,Antonietta
25,Meriel,Gaspard,19,Lolita
26,Dorthy,Fredi,54,Correy
27,Neila,Herrera,41,Raquela
28,Pearline,Scammon,4,Keelia
29,Alia,Dearborn,67,Kathi
30,Rosanne,Adlare,20,Sheree
31,Allyce,Wilkinson,21,Perry
32,Agnese,Wandie,68,Maud
33,Ulrike,Oster,22,Etta
34,Donetta,Medrek,67,Stacey
35,Alisha,Gilmour,80,Lanna
36,Marcelline,Friede,80,Aubrie
37,Madeleine,Loleta,46,Dawn
38,Willetta,Margarete,45,Renae
39,Yolane,Seessel,53,Brianna
40,Ardys,Maryanne,74,Margette
41,Suzette,Graig,80,Kalina
42,Susan,Pettiford,78,Albertina
43,Elbertina,Raffo,30,Chastity
44,Sean,Dahlia,58,Mathilda
45,Brena,Pond,54,Edee
46,Riannon,Obed,9,Collen
47,Vonny,Rudolph,33,Christal
48,Mignon,Cherianne,27,Lynde
49,Roseline,Pillsbury,51,Sabina
50,Donetta,Land,31,Shell
51,Christian,Susannah,37,Berta
52,Elena,Kendrick,38,Meghann
53,Clementine,Baudin,71,Rebeca
54,Ketti,Gaspard,22,Kalina
55,Kelly,Pyle,29,Donnie
56,Ursulina,Himelman,75,Tonia
57,Lisette,Chauncey,26,Georgetta
58,Lexine,Anestassia,69,Annecorinne
59,Fawne,Rudolph,10,Ardeen
60,Marsiella,Vastah,67,Sharai
61,Tracey,Rebecka,47,Brynna
62,Barbi,Kosey,49,Danny
63,June,Niles,16,Glynnis
64,Merrie,Ventre,67,Eadie
65,Ursulina,Zina,10,Eolanda
66,Claudina,Casimir,42,Trudie
67,Hollie,Bergman,40,Emylee
68,Jessy,Roarke,47,Bertine
69,Bertine,Halla,64,Dale
70,Angelique,Eno,42,Adele
71,Flory,Norvol,20,Riannon
72,Elmira,Faust,13,Esmeralda
73,Teddie,Hoenack,38,Chastity
74,Tonia,Dulciana,72,Morganica
75,Wileen,Bevin,44,Susette
76,Lorenza,Andrel,9,Rosaline
77,Maryellen,Sheedy,65,Nannie
78,Rori,Vernier,13,Corina
79,Gilda,Michella,42,Christal
80,Sean,Pitt,17,Edith
81,Mara,Suzetta,23,Margalo
82,Ethel,Bandeen,75,Dennie
83,Layla,Izaak,21,Deane
84,Leia,Anton,54,Susan
85,Robinia,Martguerita,53,Gertrud
86,Coral,Hutchison,36,Linet
87,Ketti,Toni,38,Mathilda
88,Sophia,Ries,6,Edyth
89,Leontine,Holbrook,43,Iseabal
90,Frieda,Land,61,Rhoda
91,Selma,Kenwood,53,Consuela
92,Emelina,Israeli,52,Iseabal
93,Xylina,Raychel,18,Joleen
94,Nollie,Dudley,43,Damaris
95,Nicoli,Paton,15,Nita
96,Amara,Devlen,52,Ellette
97,Grier,Couture,20,Lory
98,Doralynne,Helfand,29,Florie
99,Codie,Lattie,48,Alia
100,Madalyn,Center,24,Dorene
101,Lenna,Shirberg,29,Lulita
102,Deirdre,Ietta,22,Ekaterina
103,Ingrid,Vorster,12,Beverley
104,Minne,Weide,52,Aimil
105,Ronna,Center,32,Annora
106,Jaclyn,Judye,2,Etta
107,Brandise,Dituri,11,Dania
108,Kristina,Cherianne,51,Ekaterina
109,Winifred,Nelsen,6,Madeleine
110,Renae,Malanie,3,Annaliese
111,Glynnis,Evvie,66,Glynnis
112,Fanchon,Stoller,65,Daphne
113,Dorthy,Cath,79,Kathy
114,Marti,Kiersten,70,Jolyn
115,Fredericka,Camden,67,Kamilah
116,Joane,Rillings,8,Annecorinne
117,Alie,Blake,19,Alex
118,Oona,Fredi,31,Devina
119,Katharina,Casimir,37,Giustina
120,Alameda,Teryn,51,Devina
121,Justinn,Gower,16,Ursulina
122,Yolane,Mott,5,Kimmy
123,Jerry,Seligman,23,Emelina
124,Ruthe,Lareena,66,Robbi
125,Jorry,Durware,48,Ketti
126,Bibby,Imelida,20,Jordan
127,Britni,Auberbach,40,Keelia
128,Daphne,Syd,70,Giustina
129,Jean,Macey,52,Jobi
130,Madalyn,Buttaro,11,Adelle
131,Leanna,Lareena,47,Wilma
132,Nadine,Munn,48,Ricky
133,Max,Amethist,17,Fanchon
134,Tracey,Maples,31,Blake
135,Isa,Cristi,47,Rori
136,Thalia,Wattenberg,7,Tierney
137,Kaia,Sawtelle,22,Claudina
138,Gwenneth,Thunell,47,Brianna
139,Linet,Mott,13,Cissiee
140,Alex,Gusella,4,Brana
141,Talya,Ellord,33,Antonietta
142,Berget,Engdahl,35,Bill
143,Binny,Ventre,38,Cathyleen
144,Paule,Herrera,2,Tami
145,Larine,Kolnick,59,Gale
146,Lorne,Mullane,67,Julieta
147,Margalo,Shaver,69,Lyssa
148,Jacenta,Duwalt,72,Danny
149,Shirlee,Paine,75,Dagmar
150,Mahalia,Constancy,66,Jordan
151,Shaylyn,Abbot,29,Jere
152,Concettina,Campball,4,Jerry
153,Cordi,Alabaster,3,Calla
154,Chandra,Felizio,80,Grier
155,Lucille,Thomasina,1,Krystle
156,Annaliese,Bobbee,47,Clementine
157,Hyacinthe,Eckblad,21,Helsa
158,Yvonne,Bevin,33,Lynea
159,Riannon,Lia,53,Lonnie
160,Aeriela,Heidt,9,Tomasina
161,Codie,Noelyn,16,Janey
162,Nita,Alexandr,10,Kathy
163,Winifred,Pauly,25,Isa
164,Paulita,Aldric,72,Paule
165,Cristine,Nester,54,Livvyy
166,Ursulina,Agle,39,Carilyn
167,Dorice,Waldron,57,Liana
168,Phedra,Gunn,25,Stephanie
169,Phedra,Rhu,15,Sidoney
170,Sheree,Vilma,77,Kathi
171,Vevay,Etom,9,Berta
172,Marjie,Cadmar,21,Lindie
173,Tabbatha,Dahlia,61,Kaia
174,Ofilia,Cleo,46,Vita
175,Susette,Hoban,48,Anestassia
176,Brietta,Ajay,78,Inga
177,Gianina,Hachmin,11,Flo
178,Pamella,Donell,18,Sissy
179,Roseline,Stevy,33,Dorthy
180,Blinni,Brenn,38,Frieda
181,Darci,Cottle,38,Giustina
182,Lauryn,Harday,40,Linet
183,Tiffie,Fennessy,35,Adele
184,Melisent,Gladstone,57,Stephanie
185,Rhea,Shelba,73,Moyna
186,Jacquetta,Loeb,43,Georgetta
187,Teriann,Estella,35,Lucy
188,Jillayne,Scammon,25,Adriana
189,Raina,Genna,49,Dotty
190,Jean,Audly,65,Petronia
191,Tera,Rodmann,70,Rayna
192,Alyssa,Xerxes,60,Nanete
193,Tatiania,Terencio,40,Bobinette
194,Eve,Merell,54,Atlanta
195,Clary,Halsey,56,Margarette
196,Pierette,Dorothy,53,Kirbee
197,Basia,Ovid,6,Fina
198,Antonietta,Duwalt,54,Lynde
199,Kara-Lynn,Friede,56,Adore
200,Annaliese,Seagraves,20,Brianna
201,Ashlee,Presber,66,Bettine
202,Eugine,Frendel,67,Emelina
203,Amelia,Ortrude,53,Deirdre
204,Ida,Howlyn,79,Fanchon
205,Jemie,Hartnett,10,Alameda
206,Queenie,Jethro,65,Doralynne
207,Vita,Narton,62,Pearline
208,Augustine,Carlson,13,Imojean
209,Dale,Cassius,12,Michaelina
210,Deedee,Behre,19,Anestassia
211,Vevay,Gale,33,Dorothy
212,Angelique,Kirstin,6,Robbi
213,Gerianna,Rocray,12,Lorenza
214,Chrystel,Craggie,17,Lonnie
215,Konstance,Minetta,56,Sabina
216,Brianna,Fennessy,44,Lyssa
217,Wynne,Jotham,65,Vita
218,Nerta,Hunfredo,80,Lynde
219,Laure,Jalbert,35,Alia
220,Nananne,Euridice,42,Gale
221,Andeee,Isacco,26,Lanae
222,Marti,Armanda,40,Pearline
223,Leia,Riordan,9,Shirlee
224,Dari,Lynn,64,Jenda
225,Concettina,Kannry,4,Alameda
226,Hayley,Hazlett,40,Gerianna
227,Brooks,Belanger,9,Rayna
228,Vita,Lewes,34,Norine
229,Collen,Naashom,56,Genevra
230,Millie,Sallyann,34,Doro
231,Gusty,Ummersen,52,Gusella
232,Merrie,Blake,46,Stacey
233,Angela,Aprile,78,Myriam
234,Arlena,Nerita,70,Karina
235,Leia,Saunderson,39,Almeta
236,Judy,Bord,55,Catrina
237,Layla,Lamoree,11,Jaclyn
238,Ana,Wandie,21,Iseabal
239,Coral,Sandye,62,Janenna
240,Jeanna,Tatianas,19,Jsandye
241,Tilly,Rosemary,13,Nariko
242,Bibby,Lasley,72,Kristina
243,Annora,Cressida,53,Elvira
244,Cassondra,Catie,51,Eadie
245,Jessamyn,Shelba,61,Shel
246,Janenna,Jehu,26,Darlleen
247,Shandie,Darbie,10,Lita
248,Ricky,Anyah,48,Ardenia
249,Alie,Allare,7,Mamie
250,Willetta,Guildroy,45,Courtnay
251,Gale,Guildroy,10,Dorothy
252,Candy,Ogren,36,Ashlee
253,Inga,Fax,71,Alameda
254,Anthia,Hoenack,49,Shel
255,Ardenia,Skell,9,Violet
256,Kassey,Lauraine,42,Halette
257,Micheline,Cosenza,25,Bettine
258,Misha,Screens,65,Marcy
259,Teddie,Talia,72,Fina
260,Molli,Curren,10,Louella
261,Briney,Lea,46,Regina
262,Lynea,Charity,41,Phedra
263,Nanete,Stilwell,73,Barbi
264,Vevay,Delila,36,Adele
265,Correy,Andrel,70,Kellen
266,Sibella,Olin,8,Leia
267,Drucie,Mendez,34,Cathie
268,Abbie,Tjon,36,Roxane
269,Mignon,Nance,26,Roxane
270,Anica,Peti,42,Cathie
271,Esmeralda,Malanie,59,Ellette
272,Devina,Keily,37,Rosene
273,Kirbee,Helve,42,Brynna
274,Alie,Bevin,32,Calla
275,Madelle,Rosemary,25,Eugine
276,Nikki,Rugen,16,Lonnie
277,Celestyna,Tomasina,72,Danika
278,Louella,McNully,14,Ayn
279,Gabi,Pelagias,31,Laure
280,Madelle,Eiser,48,Moyna
281,Shirlee,Gavrila,21,Lizzie
282,Fina,Glovsky,77,Micheline
283,Winifred,Silvan,70,Micheline
284,Elora,Jarib,46,Merrie
285,Peri,Oneida,27,Cathie
286,Valeda,Fredi,21,Violet
287,Nonnah,Joachim,13,Rubie
288,Ofilia,Jenness,42,Wilma
289,Shaine,Franza,11,Dale
290,Mariele,Danby,14,Nelle
291,Kamilah,Rubie,39,Gale
292,Oona,Bettine,16,Brooks
293,Nataline,Matthew,45,Sara-Ann
294,Gusella,Gillan,45,Shell
295,Mireielle,Blake,66,Nananne
296,Keelia,Swigart,10,Carmencita
297,Margarette,Toor,61,Dione
298,Neila,Reidar,22,Therine
299,Sophia,Juan,18,Margalo
300,Lilith,Jammal,33,Lindie
301,Johna,Gualtiero,9,Priscilla
302,Tressa,Gamaliel,24,Kellen
303,Darlleen,Buffum,35,Belva
304,Deloria,Toor,11,Vere
305,Nicoli,Letsou,40,Alex
306,Sadie,Florina,75,Netty
307,Renae,Simmonds,23,Starla
308,Corry,Jaylene,80,Cecile
309,Joy,Rozanna,28,Andeee
310,Georgina,Greenwald,8,Doro
311,Regina,Donell,36,Brynna
312,Nadine,Rooney,74,Kelly
313,Xylina,Chandler,69,Wendi
314,Tamqrah,Ingra,68,Genovera
315,Doralynne,Pond,74,Gilligan
316,Tabbatha,Smitt,15,Juliane
317,Meriel,Leler,74,Vevay
318,Gilligan,Thunell,4,Cassondra
319,Gwyneth,Magdalen,25,Tressa
320,Helsa,Adamsen,25,Gretal
321,Candy,Janene,1,Nanete
322,Justinn,Camden,35,Ivett
323,Zaria,Allys,50,Sara-Ann
324,Kial,Orlene,53,Dyann
325,Cherilyn,Vacuva,10,Gabriellia
326,Lolita,Dunkin,48,Lisette
327,Concettina,Weide,78,Chickie
328,Jemie,Dorcy,14,Jorry
329,Rhoda,Pierette,31,Benita
330,Fanchon,Anestassia,38,Alex
331,Karly,Sheng,30,Tamqrah
332,Kate,Lalitta,14,Elvira
333,Amelia,Elbertina,29,Helsa
334,Isa,Afton,13,Courtnay
335,Mellicent,Nikaniki,8,Christy
336,Esmeralda,Helve,36,Tersina
337,Annice,Tryck,52,Lita
338,Linzy,Georgy,28,Bernardine
339,Ronna,Catie,10,Gale
340,Aili,Millda,57,Ricky
341,Ezmeralda,Shanley,46,Edee
342,Lucy,Blase,12,Meghann
343,Gerrie,Orpah,75,Ann-Marie
344,Ottilie,Bouchard,5,Claresta
345,Aili,Richers,31,Carolina
346,Chrystel,Naor,69,Bernie
347,Meghann,Kenney,31,Renie
348,Zaria,Yoko,7,Patricia
349,Teriann,Weitman,22,Grier
350,Jerry,Tufts,60,Ardys
351,Alia,Kenwood,52,Kimmy
352,Winifred,Firmin,3,Neila
353,Jolyn,Ummersen,33,Babita
354,Lucille,Tamar,66,Perry
355,Kathy,Kannry,61,Annabela
356,Madelle,Doig,28,Merry
357,Shel,Jalbert,62,Mallory
358,Mariele,Wu,43,Lexine
359,Raquela,Michella,41,Cherilyn
360,Pierette,Roche,20,Clary
361,Emmey,Pauly,69,Thalia
362,Chrystel,Carleen,25,Kalina
363,Meghann,Dannye,5,Aigneis
364,Cathie,Warthman,8,Roslyn
365,Marline,Sigfrid,36,Rozele
366,Ofilia,Maryanne,71,Rozele
367,Deane,Ries,14,Valeda
368,Averyl,Lunsford,43,Valeda
369,Maridel,Thunell,55,Elvira
370,Dorthy,Isidore,58,Jackie
371,Tybie,Tillford,16,Lorie
372,Kial,Lorenz,76,Allyce
373,Libbie,Terencio,42,Darci
374,Claudina,Abram,11,Rani
375,Coral,Glovsky,66,Asia
376,Jenilee,Daniele,79,Madalyn
377,Alex,Wilkinson,32,Roslyn
378,Cherrita,Martguerita,9,Cecile
379,Dorthy,Evangelia,19,Gwyneth
380,Dorthy,Gilbertson,10,Rani
381,Carmela,Swigart,4,Philis
382,Bee,Ailyn,77,Mildrid
383,Gale,Mauer,39,Ivett
384,Karena,Kussell,17,Ericka
385,Katharina,Ogren,56,Noelle
386,Caryl,Dichy,54,Konstance
387,Karolina,Syd,32,Starla
388,Jordan,Paton,77,Edyth
389,Jsandye,Naor,8,Monika
390,Annora,Decato,31,Noelle
391,Hallie,Yusuk,78,Cristine
392,Tatiania,Candy,63,Lita
393,Dawn,Obed,62,Fina
394,Althea,Laverne,6,Lenna
395,Liana,Chauncey,4,Valli
396,Randa,Charmine,40,Sherrie
397,Julieta,Cadmar,78,Charlena
398,Tami,Infield,39,Brynna
399,Elie,Dudley,79,Trixi
400,Mignon,Rese,12,Christal
401,Gisela,Mata,26,Wanda
402,Dorene,Tiffa,21,Estell
403,Sharai,Chaing,65,Lenna
404,Brena,Koehler,58,Selia
405,Laure,Penelopa,43,Tina
406,Tamqrah,Curren,21,Micheline
407,Jordan,Terrence,78,Sibella
408,Marylou,Lory,13,Julieta
409,Nita,Center,58,Ana
410,Taffy,Ventre,76,Pierette
411,Corene,Kazimir,78,Lauryn
412,Aurore,Germann,63,Rhoda
413,Kary,Raimondo,67,Augustine
414,Marinna,Codding,78,Elsie
415,Debee,Hessler,72,Dagmar
416,Amalie,Henrie,21,Nariko
417,Jillayne,Lea,62,Katleen
418,Johna,Gino,18,Teddie
419,Amalie,Destinee,56,Jsandye
420,Fina,Jerold,65,Fina
421,Jennica,Poppy,44,Shannah
422,Anestassia,Norvol,63,Rosabelle
423,Lilith,Markman,45,Benita
424,Lelah,Durante,56,Althea
425,Dianemarie,Weaks,30,Alexine
426,Ketti,Merell,9,Ermengarde
427,Ardeen,Marsden,77,Quintina
428,Fernande,Oneida,36,Susette
429,Adriana,Miru,15,Alisha
430,Rochette,Colbert,5,Nita
431,Melisent,Amand,48,Brana
432,Dorothy,Liva,10,Elyssa
433,Tatiania,Behre,80,Neila
434,Esmeralda,Richers,44,Lexine
435,Deane,Hertzfeld,52,Loree
436,Cacilie,Maiah,15,Tatiania
437,Teddie,Whiffen,5,Kalina
438,Iseabal,Suk,77,Clarice
439,Dulcinea,Ummersen,8,Rosanne
440,Giustina,Hoenack,10,Fredericka
441,Augustine,Beniamino,27,Maye
442,Elsie,Bivins,15,Joeann
443,Dominga,Ardeha,32,Gilda
444,Marcelline,Sikorski,24,Carolina
445,Kelly,Goldina,79,Nanete
446,Bibby,Dulciana,13,Latisha
447,Lizzie,Himelman,66,Marinna
448,Sabina,Eiser,12,Emmey
449,Oralee,Tamar,36,Hayley
450,Jenda,Carbo,54,Gilligan
451,Ayn,Gavrila,59,Chickie
452,Nerta,Melleta,73,Wanda
453,Verla,Stuart,57,Ottilie
454,Estell,Munn,11,Dagmar
455,Damaris,Lory,33,Dyann
456,Vivia,Sperling,74,Aimil
457,Harmonia,Flita,47,Esmeralda
458,Meriel,Narton,56,Vonny
459,Dorothy,Rolf,30,Marti
460,Claresta,Urania,67,Carree
461,Valera,Milde,56,Elie
462,Cristine,Kellby,20,Joleen
463,Giustina,Zola,33,Orsola
464,Vivia,Winthorpe,79,Ketti
465,Bobinette,Loeb,5,Daune
466,Bernardine,Payson,24,Annice
467,Brena,Aldric,4,Nariko
468,Ashlee,Quent,80,Sophia
469,Luci,Huggins,13,Ulrike
470,Maridel,Pacorro,47,Tracey
471,Arabel,Liebermann,67,Ethel
472,Bill,Hewitt,5,Kalina
473,Sheelagh,Shelba,77,Georgetta
474,Dorice,Margarete,47,Sindee
475,Chastity,Drus,15,Rubie
476,Kara-Lynn,Edee,35,Flo
477,Cissiee,Brenn,64,Sandie
478,Candy,Chaing,36,Maurene
479,Dawn,Jehu,66,Lanae
480,Kary,Chesna,2,Darci
481,Ida,Rudolph,77,Roxane
482,Carlie,Pierette,80,Magdalena
483,Roseline,Bakerman,23,Brynna
484,Kathy,Brieta,9,Yolane
485,Aurelie,Docilla,28,Clo
486,Hyacinthe,Pyle,78,Blondelle
487,Ketti,Fulmer,27,Krystle
488,Maisey,Flyn,67,Cristine
489,Codie,Carolin,23,Roxane
490,Tomasina,Bonilla,18,Aryn
491,Amalie,Ralfston,15,Willetta
492,Ellette,Korey,53,Halette
493,Harrietta,Edvard,2,Carolina
494,Vevay,Lymann,59,Concettina
495,Babita,Telfer,62,Augustine
496,Elie,Giff,53,Berta
497,Joelly,Borrell,53,Estell
498,Drucie,Tound,10,Sandie
499,Hannis,Anton,71,Nollie
500,Gisela,Ade,59,Dagmar
